book_id,title,author,genre,rating,num_reviews,year_published
1,Pride and Prejudice,Christopher Paolini,Science Fiction,3.5,2418,2021
2,Rich Dad Poor Dad,Andy Weir,Fiction,3.3,63,1956
3,The Shining,Mark Manson,Non-Fiction,3.5,619,1997
4,The Alchemist,Robin Sharma,Fiction,4,912,1999
5,Circe,Robin Sharma,Science Fiction,4.2,3988,1967
6,The Four Agreements,Robin Sharma,Non-Fiction,3,3373,1989
7,An Ember in the Ashes,Robin Sharma,Romance,3.9,844,2017
8,The Road,Madeline Miller,Non-Fiction,3.7,907,1988
9,Deep Work,Napoleon Hill,Thriller,4.6,1548,2006
10,An Ember in the Ashes,Jane Austen,Non-Fiction,4.1,4762,2006
11,Pride and Prejudice,George Orwell,Fiction,3.5,3721,2006
12,Gone Girl,Taylor Jenkins Reid,Historical,3.7,3234,1950
13,A Court of Thorns and Roses,George Orwell,Horror,2.7,3088,1969
14,Harry Potter and the Sorcerer’s Stone,Matt Haig,Fantasy,3.3,4629,1964
15,An Ember in the Ashes,Cal Newport,Thriller,3.6,2980,2008
16,The Psychology of Money,Don Miguel Ruiz,Science Fiction,2.8,831,1981
17,The Hunger Games,Napoleon Hill,Fantasy,2.9,4124,1968
18,Atomic Habits,R.F. Kuang,Historical,3,903,2001
19,Eragon,Taylor Jenkins Reid,Historical,4.8,2630,2022
20,An Ember in the Ashes,Matt Haig,Fiction,2.9,2193,1971
21,Pride and Prejudice,Dan Brown,Mystery,4.2,1068,1975
22,Deep Work,Harper Lee,Historical,3.4,2853,1976
23,The Poppy War,Cal Newport,Mystery,3,991,1990
24,An Ember in the Ashes,Robin Sharma,Historical,3.9,1060,2022
25,Rich Dad Poor Dad,James Clear,Science Fiction,3.3,3074,2022
26,The Alchemist,Gillian Flynn,Romance,2.6,3598,2004
27,The Road,Charles Duhigg,Self-Help,3.1,637,1950
28,The Alchemist,Matt Haig,Self-Help,4.2,2270,1961
29,The Shining,Gillian Flynn,Historical,4.3,2411,1977
30,The Alchemist,Robin Sharma,Non-Fiction,3.8,4663,1974
31,Dune,Fredrik Backman,Fiction,3.9,4347,1973
32,The Shadow of the Wind,Andy Weir,Non-Fiction,5,4193,1980
33,Where the Crawdads Sing,Robin Sharma,Historical,2.6,3988,1963
34,The Shining,Napoleon Hill,Thriller,2.5,4399,1976
35,Where the Crawdads Sing,Madeline Miller,Horror,4.7,869,2008
36,Dune,Jane Austen,Science Fiction,3.2,1670,1982
37,The Hobbit,James Clear,Self-Help,3.6,3954,1972
38,Pride and Prejudice,Fredrik Backman,Fiction,3.3,1266,1985
39,Rich Dad Poor Dad,Jane Austen,Thriller,3.7,3143,1992
40,The Catcher in the Rye,Taylor Jenkins Reid,Non-Fiction,2.7,28,2014
41,An Ember in the Ashes,Robin Sharma,Historical,4.1,877,2007
42,An Ember in the Ashes,Patrick Rothfuss,Romance,4.2,2440,1961
43,An Ember in the Ashes,Morgan Housel,Romance,2.6,645,2009
44,Gone Girl,Andy Weir,Thriller,2.9,334,1971
45,Throne of Glass,Gillian Flynn,Thriller,3.1,1512,1985
46,Gone Girl,F. Scott Fitzgerald,Fiction,3.7,776,1961
47,Red Queen,Paulo Coelho,Fantasy,3.4,2865,2000
48,The Hobbit,Robin Sharma,Fiction,2.7,2358,1986
49,An Ember in the Ashes,George Orwell,Science Fiction,2.7,239,1994
50,Rich Dad Poor Dad,Jane Austen,Fiction,3.9,39,2012
51,Atomic Habits,J.K. Rowling,Romance,4.3,2704,2011
52,Circe,Napoleon Hill,Science Fiction,4.9,2140,1950
53,The Hobbit,Sarah J. Maas,Non-Fiction,3.7,4533,1956
54,Eragon,Robin Sharma,Fantasy,4.1,1721,1980
55,The Poppy War,Cal Newport,Thriller,4.3,1723,1994
56,An Ember in the Ashes,Napoleon Hill,Historical,4.3,910,2006
57,Rich Dad Poor Dad,F. Scott Fitzgerald,Self-Help,2.9,4244,1995
58,Atomic Habits,Matt Haig,Historical,4.3,1640,1979
59,Where the Crawdads Sing,Sarah J. Maas,Science Fiction,2.7,123,2019
60,Before We Were Strangers,James Clear,Non-Fiction,4.8,652,1959
61,The Subtle Art of Not Giving a F*ck,James Clear,Science Fiction,3.1,257,2013
62,The Shadow of the Wind,Fredrik Backman,Historical,3.2,2239,2007
63,The Shadow of the Wind,F. Scott Fitzgerald,Horror,2.8,1878,2012
64,The Road,Napoleon Hill,Non-Fiction,3.6,2095,2024
65,Brave New World,Carlos Ruiz Zafón,Fantasy,4.7,2731,1986
66,The Alchemist,Jane Austen,Mystery,4,502,2008
67,Dune,Cal Newport,Self-Help,2.8,4349,1997
68,Dune,Matt Haig,Self-Help,4.4,4266,1988
69,Rich Dad Poor Dad,Matt Haig,Science Fiction,4.8,4341,1961
70,The 5 AM Club,James Clear,Self-Help,3.4,990,1987
71,The Alchemist,Paulo Coelho,Horror,3,3265,1987
72,Dune,Matt Haig,Non-Fiction,4.5,1067,1982
73,The Seven Husbands of Evelyn Hugo,Cal Newport,Horror,3.1,1663,2016
74,The Poppy War,David Goggins,Horror,4.8,3297,1970
75,Sapiens,Matt Haig,Thriller,4.2,1669,1969
76,The Psychology of Money,Sarah J. Maas,Fiction,4.2,1145,1997
77,An Ember in the Ashes,Fredrik Backman,Romance,2.8,4655,1996
78,An Ember in the Ashes,Robin Sharma,Thriller,3.4,1841,1976
79,Before We Were Strangers,Andy Weir,Thriller,3.8,1634,2008
80,Dune,Robin Sharma,Thriller,3.3,1447,1973
81,Pride and Prejudice,Taylor Jenkins Reid,Historical,4.4,4107,1962
82,Brave New World,James Clear,Non-Fiction,4.1,4584,1959
83,Gone Girl,Colleen Hoover,Thriller,3.2,3627,1963
84,The Silent Patient,David Goggins,Fiction,4,3392,1962
85,The Hobbit,Taylor Jenkins Reid,Non-Fiction,3.7,1796,1951
86,Dune,F. Scott Fitzgerald,Science Fiction,3.3,694,2007
87,The Hunger Games,Robin Sharma,Fantasy,3.8,878,1951
88,An Ember in the Ashes,Cormac McCarthy,Historical,4.1,1557,1995
89,To Kill a Mockingbird,Matt Haig,Historical,3.4,1197,2014
90,Throne of Glass,Robin Sharma,Historical,4.8,2023,1971
91,Red Queen,Taylor Jenkins Reid,Fiction,4.7,1719,1962
92,Eragon,Fredrik Backman,Romance,3.7,1573,1996
93,Red Queen,Don Miguel Ruiz,Fiction,3.8,4858,1998
94,The Psychology of Money,Paulo Coelho,Historical,4.5,3553,1965
95,The Poppy War,Charles Duhigg,Fantasy,4.5,673,1993
96,The Power of Habit,Napoleon Hill,Fantasy,4.5,3312,1987
97,An Ember in the Ashes,J.K. Rowling,Self-Help,3.6,2384,1988
98,The Hobbit,George Orwell,Fiction,2.7,4356,2024
99,The Catcher in the Rye,Christopher Paolini,Horror,3.1,3498,1972
100,The Alchemist,Fredrik Backman,Non-Fiction,3.3,2821,1992
101,The 5 AM Club,Fredrik Backman,Horror,2.9,712,1962
102,An Ember in the Ashes,Cal Newport,Fantasy,3.4,483,1984
103,Rich Dad Poor Dad,James Clear,Self-Help,3.2,2193,2010
104,It Ends with Us,Paulo Coelho,Thriller,4.8,1633,1979
105,Rich Dad Poor Dad,R.F. Kuang,Science Fiction,4.2,4547,2008
106,Red Queen,Matt Haig,Horror,2.7,4699,1986
107,The 5 AM Club,Ray Bradbury,Fantasy,4.8,3957,1986
108,Can’t Hurt Me,Cal Newport,Historical,4.1,3384,2001
109,The Name of the Wind,Stieg Larsson,Fiction,4.9,4390,1965
110,An Ember in the Ashes,Patrick Rothfuss,Romance,4.5,3741,1979
111,Verity,Madeline Miller,Fiction,2.6,2993,2015
112,Dune,Matt Haig,Mystery,3.4,1622,1983
113,An Ember in the Ashes,Matt Haig,Fantasy,4.1,32,1971
114,Pride and Prejudice,R.F. Kuang,Historical,2.6,658,1959
115,Before We Were Strangers,Patrick Rothfuss,Historical,3.6,455,1974
116,Rich Dad Poor Dad,Cal Newport,Non-Fiction,3.2,282,1957
117,Atomic Habits,Napoleon Hill,Self-Help,4.1,509,2020
118,The Hunger Games,Patrick Rothfuss,Mystery,4.2,958,1972
119,Before We Were Strangers,Cormac McCarthy,Non-Fiction,4.3,4662,1972
120,Pride and Prejudice,David Goggins,Romance,3,1042,1989
121,An Ember in the Ashes,R.F. Kuang,Romance,2.7,1412,2003
122,Project Hail Mary,Patrick Rothfuss,Science Fiction,3.1,1649,1992
123,Sapiens,F. Scott Fitzgerald,Historical,3.8,1112,2016
124,Eragon,Matt Haig,Thriller,4.6,3271,2001
125,Dune,Cal Newport,Self-Help,2.6,3501,2023
126,Circe,Ray Bradbury,Self-Help,2.6,1342,1982
127,Atomic Habits,Cormac McCarthy,Fiction,2.6,3250,2001
128,The 5 AM Club,Matt Haig,Mystery,4.8,162,1982
129,An Ember in the Ashes,J.R.R. Tolkien,Science Fiction,4.4,1799,1974
130,The Hunger Games,Jane Austen,Fiction,3.5,3582,2008
131,The Silent Patient,F. Scott Fitzgerald,Fantasy,2.6,3453,1968
132,Dune,Robin Sharma,Historical,2.9,695,1972
133,The Shadow of the Wind,Don Miguel Ruiz,Science Fiction,3.2,4373,1958
134,The Alchemist,Charles Duhigg,Horror,4.4,687,1972
135,Pride and Prejudice,Carlos Ruiz Zafón,Mystery,4.5,1520,1973
136,The House in the Cerulean Sea,Matt Haig,Thriller,3.1,2832,1964
137,Before We Were Strangers,Madeline Miller,Historical,4.8,1745,2024
138,The Psychology of Money,Carlos Ruiz Zafón,Non-Fiction,3.2,4640,1997
139,Think and Grow Rich,Andy Weir,Romance,3.8,2947,2009
140,The Psychology of Money,Cormac McCarthy,Fiction,2.8,3011,1996
141,Rich Dad Poor Dad,Don Miguel Ruiz,Fantasy,4.2,4983,2010
142,It Ends with Us,Napoleon Hill,Thriller,3.9,3691,1978
143,Red Queen,R.F. Kuang,Historical,2.7,1130,1950
144,An Ember in the Ashes,Sarah J. Maas,Horror,3.2,1106,1995
145,The Poppy War,Robin Sharma,Fantasy,2.8,3682,1985
146,A Man Called Ove,Morgan Housel,Thriller,3.4,4314,2008
147,The 5 AM Club,Patrick Rothfuss,Self-Help,4,377,1982
148,The Name of the Wind,Fredrik Backman,Science Fiction,4.1,2379,2024
149,Before We Were Strangers,Robin Sharma,Non-Fiction,4.3,4916,1985
150,Pride and Prejudice,Robin Sharma,Non-Fiction,3.6,2532,1978
151,The Shadow of the Wind,Paulo Coelho,Non-Fiction,3.9,2372,1950
152,Rich Dad Poor Dad,Cormac McCarthy,Self-Help,3.5,3372,1997
153,Atomic Habits,J.K. Rowling,Non-Fiction,4.4,655,1992
154,The Alchemist,Madeline Miller,Horror,3.6,4836,1995
155,Pride and Prejudice,Taylor Jenkins Reid,Non-Fiction,2.6,2210,2019
156,Dune,Cal Newport,Historical,3.3,4803,1954
157,Gone Girl,Napoleon Hill,Horror,4.1,1689,1959
158,Sapiens,Jane Austen,Horror,2.5,3759,1996
159,Dune,Jane Austen,Fantasy,4.6,82,1960
160,The Hunger Games,Matt Haig,Thriller,4.1,4319,2024
161,Eragon,Napoleon Hill,Thriller,4.6,4591,2020
162,An Ember in the Ashes,David Goggins,Historical,2.8,3499,1977
163,Dune,Paulo Coelho,Romance,3,3490,2005
164,Sapiens,Ray Bradbury,Historical,4.3,1422,2004
165,How to Win Friends and Influence People,Jane Austen,Romance,3.2,1702,2009
166,1984,Napoleon Hill,Science Fiction,2.7,2605,1957
167,The Shining,Robin Sharma,Fantasy,4.2,4296,1979
168,Rich Dad Poor Dad,Paulo Coelho,Historical,2.8,1673,1970
169,An Ember in the Ashes,Fredrik Backman,Mystery,3.4,3112,1964
170,The Alchemist,F. Scott Fitzgerald,Mystery,3.5,4921,1979
171,Pride and Prejudice,Matt Haig,Mystery,3.3,2465,1958
172,The Alchemist,Robin Sharma,Fantasy,4.1,135,2010
173,An Ember in the Ashes,Matt Haig,Horror,2.7,896,2011
174,The Psychology of Money,Napoleon Hill,Fiction,3.4,2380,1995
175,How to Win Friends and Influence People,Robin Sharma,Self-Help,2.8,4185,2021
176,The Subtle Art of Not Giving a F*ck,Matt Haig,Historical,4.6,2538,2024
177,The Shadow of the Wind,Matt Haig,Fantasy,4,4219,1950
178,Where the Crawdads Sing,R.F. Kuang,Romance,4.6,3538,2021
179,Atomic Habits,Paulo Coelho,Historical,2.9,2537,1991
180,The Poppy War,Robin Sharma,Thriller,2.8,3732,2000
181,Pride and Prejudice,Fredrik Backman,Self-Help,4.9,2237,1964
182,The Subtle Art of Not Giving a F*ck,Matt Haig,Mystery,2.9,2441,2003
183,The Shining,Robert Kiyosaki,Fantasy,3.2,2921,1979
184,The Alchemist,F. Scott Fitzgerald,Fiction,3.9,1577,2024
185,Red Queen,Andy Weir,Fantasy,2.8,3286,2023
186,Pride and Prejudice,Matt Haig,Thriller,4.4,984,1996
187,Atomic Habits,F. Scott Fitzgerald,Self-Help,2.7,164,2011
188,Deep Work,Robin Sharma,Historical,3.5,3649,1966
189,The Psychology of Money,Andy Weir,Science Fiction,4.6,2038,1995
190,The Four Agreements,Robin Sharma,Science Fiction,4.1,1216,1971
191,Deep Work,Gillian Flynn,Mystery,4.5,2532,2024
192,The Hunger Games,Jane Austen,Self-Help,5,1265,1959
193,The Martian,R.F. Kuang,Self-Help,2.6,2033,1982
194,The Alchemist,R.F. Kuang,Horror,2.7,2449,1986
195,Eragon,Dan Brown,Romance,4.7,896,1967
196,Eragon,Carlos Ruiz Zafón,Horror,4.7,1620,1954
197,Red Queen,Andy Weir,Non-Fiction,4.4,1590,2000
198,The Poppy War,R.F. Kuang,Horror,4.6,801,2001
199,Where the Crawdads Sing,Colleen Hoover,Self-Help,2.7,3750,1975
200,To Kill a Mockingbird,David Goggins,Fiction,4.8,2399,1963
201,Sapiens,Charles Duhigg,Fantasy,2.5,4542,1970
202,The Alchemist,Madeline Miller,Fantasy,4,371,2016
203,Dune,Christopher Paolini,Science Fiction,2.9,1010,2003
204,Eragon,Cormac McCarthy,Romance,4.1,1143,2010
205,The Alchemist,Matt Haig,Fantasy,2.8,3628,1959
206,Pride and Prejudice,Robin Sharma,Horror,3.6,2752,2020
207,The Alchemist,Matt Haig,Non-Fiction,3.1,3727,2002
208,The Hunger Games,Fredrik Backman,Fantasy,3.4,1900,2017
209,The Hunger Games,Stieg Larsson,Self-Help,3.3,323,1969
210,The Hobbit,James Clear,Historical,4.5,2749,2024
211,Verity,Ray Bradbury,Non-Fiction,3.4,3509,1989
212,The Psychology of Money,J.K. Rowling,Fiction,2.8,4254,1966
213,An Ember in the Ashes,Dale Carnegie,Self-Help,4.1,4227,1976
214,Think and Grow Rich,Sarah J. Maas,Romance,2.9,2983,2017
215,The Shining,Sarah J. Maas,Fiction,3.7,4842,1975
216,Dune,Matt Haig,Mystery,3.4,2952,1975
217,The Psychology of Money,Matt Haig,Self-Help,3.6,1350,1966
218,The Hobbit,Napoleon Hill,Mystery,3.4,1755,2002
219,An Ember in the Ashes,Ray Bradbury,Fiction,2.9,4892,1952
220,The Shining,Napoleon Hill,Romance,2.9,1303,1955
221,Verity,Robin Sharma,Self-Help,3.1,4869,1961
222,The Power of Habit,Carlos Ruiz Zafón,Fantasy,4.1,4664,2001
223,Atomic Habits,James Clear,Thriller,5,1465,1989
224,Atomic Habits,Cormac McCarthy,Fantasy,3.7,2139,1966
225,The Catcher in the Rye,George Orwell,Mystery,2.7,2098,1976
226,Dune,Matt Haig,Historical,4.8,4806,2007
227,Project Hail Mary,R.F. Kuang,Fiction,4.9,3879,1989
228,Dune,Charles Duhigg,Historical,3.7,1145,1955
229,The Poppy War,Matt Haig,Self-Help,3.2,1240,1991
230,Dune,Matt Haig,Romance,3.9,2237,1968
231,An Ember in the Ashes,Sarah J. Maas,Science Fiction,3.5,1394,1988
232,Red Queen,Napoleon Hill,Romance,3.3,2945,1998
233,The Hunger Games,Gillian Flynn,Romance,3.2,2227,1995
234,Dune,Napoleon Hill,Fantasy,2.6,975,2011
235,The Poppy War,Christopher Paolini,Self-Help,3.7,2744,2017
236,The Alchemist,Robin Sharma,Self-Help,3.1,2746,1960
237,The Four Agreements,Colleen Hoover,Self-Help,4.6,2222,2024
238,The Alchemist,Yuval Noah Harari,Historical,3.5,366,2004
239,The Hobbit,Matt Haig,Fantasy,4,1085,2018
240,The Alchemist,F. Scott Fitzgerald,Fiction,4.3,4982,1959
241,An Ember in the Ashes,F. Scott Fitzgerald,Fiction,4.1,2402,1995
242,The Subtle Art of Not Giving a F*ck,David Goggins,Horror,2.6,1941,1984
243,The Psychology of Money,Matt Haig,Science Fiction,4.7,1871,2020
244,Brave New World,Matt Haig,Historical,4.4,659,2010
245,Pride and Prejudice,Napoleon Hill,Thriller,3.3,459,1985
246,Deep Work,F. Scott Fitzgerald,Self-Help,3.3,21,2023
247,The House in the Cerulean Sea,Stephen King,Mystery,2.5,4365,1982
248,The Name of the Wind,Taylor Jenkins Reid,Non-Fiction,4.5,4873,1990
249,Before We Were Strangers,F. Scott Fitzgerald,Self-Help,3.8,2690,1985
250,The Seven Husbands of Evelyn Hugo,David Goggins,Mystery,4.1,3958,1999
251,The Subtle Art of Not Giving a F*ck,Matt Haig,Non-Fiction,2.6,3479,2001
252,The Psychology of Money,J.R.R. Tolkien,Fantasy,3.6,3766,1992
253,The Psychology of Money,Taylor Jenkins Reid,Fantasy,4.8,924,1973
254,The Power of Habit,F. Scott Fitzgerald,Mystery,3.1,158,1964
255,Dune,Robin Sharma,Historical,3.2,2019,2023
256,An Ember in the Ashes,J.K. Rowling,Non-Fiction,3,1072,1964
257,Gone Girl,R.F. Kuang,Historical,3.4,2612,1979
258,The Shining,Taylor Jenkins Reid,Romance,3.1,1136,2021
259,Before We Were Strangers,George Orwell,Horror,3,2744,1965
260,The Power of Habit,Carlos Ruiz Zafón,Thriller,3.8,3836,2004
261,An Ember in the Ashes,Cal Newport,Non-Fiction,4.8,3978,2003
262,The Martian,R.F. Kuang,Romance,4,2756,2023
263,Pride and Prejudice,Dan Brown,Self-Help,3.8,173,2004
264,The Subtle Art of Not Giving a F*ck,R.F. Kuang,Non-Fiction,4.4,1155,1954
265,The Catcher in the Rye,J.K. Rowling,Horror,2.6,2959,2014
266,Dune,F. Scott Fitzgerald,Fantasy,3.8,1908,1968
267,The Alchemist,Napoleon Hill,Fiction,2.9,2662,1969
268,The Shadow of the Wind,Robin Sharma,Science Fiction,4.3,2704,2023
269,Rich Dad Poor Dad,Napoleon Hill,Self-Help,4.8,3707,1969
270,The Alchemist,F. Scott Fitzgerald,Fantasy,2.6,3414,1956
271,Pride and Prejudice,Cormac McCarthy,Horror,2.6,2777,2018
272,Rich Dad Poor Dad,Matt Haig,Science Fiction,4.5,1366,1959
273,The Alchemist,Gillian Flynn,Mystery,3.7,2762,1962
274,The Four Agreements,Jane Austen,Horror,3.7,3967,2018
275,An Ember in the Ashes,Robin Sharma,Thriller,4,4267,1952
276,The Catcher in the Rye,George Orwell,Fiction,4.3,4837,2008
277,The Psychology of Money,Don Miguel Ruiz,Self-Help,3.3,4506,1961
278,The Four Agreements,R.F. Kuang,Self-Help,3.3,3004,1953
279,The Silent Patient,Stephen King,Thriller,4.1,2182,1981
280,Verity,Charles Duhigg,Horror,3.7,1660,1963
281,Deep Work,Robin Sharma,Science Fiction,3.9,1494,1966
282,The Four Agreements,Paulo Coelho,Historical,4,3368,1971
283,Rich Dad Poor Dad,Robin Sharma,Horror,3.6,789,1971
284,The Alchemist,Gillian Flynn,Fantasy,2.6,1512,2002
285,The Hobbit,Dan Brown,Historical,4.7,3289,1994
286,Red Queen,Taylor Jenkins Reid,Horror,3.4,3266,1956
287,The Power of Habit,Jane Austen,Historical,3.4,858,1978
288,To Kill a Mockingbird,F. Scott Fitzgerald,Fantasy,3.7,1225,1978
289,Brave New World,Jane Austen,Fantasy,4.8,3801,1981
290,The Seven Husbands of Evelyn Hugo,Stephen King,Non-Fiction,4,1316,2001
291,The Four Agreements,R.F. Kuang,Historical,4.6,4738,2005
292,Rich Dad Poor Dad,Robin Sharma,Horror,4.7,1978,1960
293,Dune,Patrick Rothfuss,Fiction,2.5,1852,1961
294,Rich Dad Poor Dad,Stephen King,Horror,3.3,2783,1958
295,Eragon,F. Scott Fitzgerald,Historical,3.5,3629,2002
296,The Poppy War,J.K. Rowling,Mystery,4.4,2108,1962
297,The Hunger Games,Cal Newport,Horror,4,4238,1963
298,Think and Grow Rich,Taylor Jenkins Reid,Mystery,4.8,2310,2002
299,The Psychology of Money,Napoleon Hill,Science Fiction,3.7,4590,1977
300,Pride and Prejudice,F. Scott Fitzgerald,Romance,3.1,4996,1958
301,An Ember in the Ashes,Charles Duhigg,Historical,4.9,1522,2015
302,The Shadow of the Wind,Robin Sharma,Self-Help,2.8,2845,1977
303,The Alchemist,Matt Haig,Historical,4.7,37,1999
304,The Road,Cal Newport,Fantasy,3.9,1987,1987
305,Eragon,Robin Sharma,Historical,4.1,3125,1952
306,An Ember in the Ashes,Cal Newport,Horror,3.8,2394,1990
307,The Alchemist,Cal Newport,Science Fiction,4.1,2837,1950
308,The Road,Harper Lee,Science Fiction,4.9,172,1953
309,How to Win Friends and Influence People,Andy Weir,Historical,4.6,820,1952
310,The Alchemist,Matt Haig,Self-Help,4.9,856,1985
311,Atomic Habits,Matt Haig,Fiction,4,2202,1973
312,Sapiens,Matt Haig,Science Fiction,4.5,4434,1964
313,Red Queen,Paulo Coelho,Historical,3.3,1406,1992
314,Gone Girl,Cormac McCarthy,Romance,4.1,527,2003
315,The Four Agreements,Matt Haig,Self-Help,2.9,710,2015
316,The Name of the Wind,Gillian Flynn,Fiction,4.4,3325,1983
317,The 5 AM Club,Napoleon Hill,Non-Fiction,4.3,3237,1984
318,Pride and Prejudice,George Orwell,Horror,3,4782,1963
319,Brave New World,Robin Sharma,Historical,2.8,4038,1973
320,Deep Work,Andy Weir,Fiction,5,3640,2013
321,The Psychology of Money,Cormac McCarthy,Non-Fiction,3.2,2622,1970
322,The Poppy War,Don Miguel Ruiz,Horror,3.5,1842,1966
323,The Power of Habit,Dale Carnegie,Self-Help,4.5,3976,1982
324,The Hunger Games,Matt Haig,Thriller,4.7,768,2012
325,Pride and Prejudice,Paulo Coelho,Fiction,2.9,1039,1984
326,An Ember in the Ashes,Robin Sharma,Fiction,3.4,4222,1980
327,Pride and Prejudice,Carlos Ruiz Zafón,Self-Help,4.6,2334,1975
328,Pride and Prejudice,Charles Duhigg,Horror,2.5,1479,1951
329,Gone Girl,R.F. Kuang,Mystery,3.1,3465,1995
330,Deep Work,Patrick Rothfuss,Non-Fiction,3.7,3115,2006
331,Eragon,Robin Sharma,Fantasy,3.9,666,1985
332,The Hobbit,George Orwell,Science Fiction,2.9,3114,1988
333,The Four Agreements,J.K. Rowling,Historical,4.5,3793,2007
334,The Alchemist,Patrick Rothfuss,Non-Fiction,2.6,2463,1956
335,Circe,Fredrik Backman,Non-Fiction,4,4028,1995
336,An Ember in the Ashes,Patrick Rothfuss,Horror,4.3,1551,1997
337,Atomic Habits,Cal Newport,Horror,3.6,1217,1971
338,The Poppy War,Jane Austen,Non-Fiction,4.3,1663,1973
339,Circe,Colleen Hoover,Horror,3.8,693,1997
340,The Alchemist,Jane Austen,Self-Help,2.9,2490,1976
341,Atomic Habits,Robin Sharma,Romance,4.7,4069,1953
342,1984,R.F. Kuang,Thriller,3.9,2717,1962
343,Project Hail Mary,Matt Haig,Horror,3.7,3590,1969
344,Circe,Madeline Miller,Historical,4.4,2201,1987
345,Rich Dad Poor Dad,R.F. Kuang,Science Fiction,3.4,1918,1952
346,Rich Dad Poor Dad,F. Scott Fitzgerald,Non-Fiction,3.7,339,2005
347,Sapiens,George Orwell,Non-Fiction,3.4,3917,2005
348,A Court of Thorns and Roses,Taylor Jenkins Reid,Horror,4.7,4340,1981
349,An Ember in the Ashes,Andy Weir,Science Fiction,3.8,3575,1978
350,Rich Dad Poor Dad,Harper Lee,Non-Fiction,3.4,1871,1985
351,The Road,Paulo Coelho,Historical,4.7,1248,1997
352,Think and Grow Rich,Ray Bradbury,Thriller,3.9,3188,1970
353,The Psychology of Money,Cal Newport,Self-Help,4.1,32,2009
354,The Alchemist,Robin Sharma,Self-Help,4.2,1383,1986
355,An Ember in the Ashes,R.F. Kuang,Romance,3.5,4661,1985
356,To Kill a Mockingbird,Matt Haig,Self-Help,5,204,1985
357,Rich Dad Poor Dad,Robin Sharma,Horror,4,2400,1995
358,The 5 AM Club,Napoleon Hill,Fiction,3.4,1007,2020
359,The Poppy War,Napoleon Hill,Non-Fiction,3.6,4741,1999
360,The Shining,Matt Haig,Science Fiction,3.3,441,2023
361,The Subtle Art of Not Giving a F*ck,Ray Bradbury,Non-Fiction,2.8,1795,2021
362,Eragon,F. Scott Fitzgerald,Fiction,4.8,1471,1982
363,The Hobbit,Taylor Jenkins Reid,Fantasy,3.1,3106,1959
364,Dune,Taylor Jenkins Reid,Horror,3.5,3493,1954
365,Eragon,Cormac McCarthy,Fiction,3.2,4707,1986
366,Where the Crawdads Sing,Gillian Flynn,Romance,3.4,567,1967
367,Throne of Glass,Charles Duhigg,Fantasy,4,2192,1963
368,The Alchemist,Napoleon Hill,Horror,3.8,189,1999
369,How to Win Friends and Influence People,Napoleon Hill,Horror,2.7,365,1962
370,An Ember in the Ashes,Colleen Hoover,Fantasy,3.5,4811,2004
371,Gone Girl,Robin Sharma,Non-Fiction,4.1,2038,1979
372,Deep Work,Napoleon Hill,Self-Help,2.6,4272,2006
373,Dune,Stephen King,Mystery,4.3,1751,2006
374,The Shadow of the Wind,Stephen King,Romance,3.4,2719,2017
375,Pride and Prejudice,R.F. Kuang,Fiction,3.9,218,1972
376,The Subtle Art of Not Giving a F*ck,J.K. Rowling,Horror,3.9,3752,1987
377,Dune,Cal Newport,Mystery,5,3023,1987
378,It Ends with Us,Napoleon Hill,Historical,3.5,2784,2000
379,The Psychology of Money,F. Scott Fitzgerald,Romance,4.1,3027,2011
380,The Martian,David Goggins,Self-Help,4.4,976,2022
381,The Silent Patient,Don Miguel Ruiz,Non-Fiction,4.5,203,1966
382,The Shining,Matt Haig,Romance,2.6,3391,2007
383,Throne of Glass,Cormac McCarthy,Thriller,4,3934,2011
384,The Alchemist,Jane Austen,Thriller,2.6,4474,1959
385,Throne of Glass,Cal Newport,Historical,3.5,2293,1953
386,Dune,Robin Sharma,Fantasy,4.8,3206,2010
387,The Alchemist,Madeline Miller,Horror,5,4801,1999
388,An Ember in the Ashes,Matt Haig,Romance,3.2,1027,1986
389,The Poppy War,Robert Kiyosaki,Historical,2.9,820,1999
390,Before We Were Strangers,Gillian Flynn,Fantasy,4.3,3202,1952
391,The Poppy War,Brandon Sanderson,Non-Fiction,4.1,4631,2012
392,An Ember in the Ashes,Andy Weir,Horror,4,4685,1955
393,Red Queen,James Clear,Fiction,4,4090,1968
394,An Ember in the Ashes,Robin Sharma,Mystery,4.4,733,2012
395,The Alchemist,R.F. Kuang,Fantasy,4.4,436,2022
396,The Poppy War,David Goggins,Thriller,4.7,3426,2003
397,Eragon,Christopher Paolini,Mystery,2.7,3683,1972
398,A Court of Thorns and Roses,F. Scott Fitzgerald,Fantasy,3.4,2006,1988
399,An Ember in the Ashes,Colleen Hoover,Fiction,4.9,2256,1974
400,To Kill a Mockingbird,Andy Weir,Historical,4.6,4627,1976
401,Brave New World,Napoleon Hill,Thriller,4.1,1191,1951
402,The Shadow of the Wind,Ray Bradbury,Fantasy,4.8,4193,2019
403,Deep Work,F. Scott Fitzgerald,Romance,2.5,2996,2008
404,Dune,James Clear,Historical,3.4,4100,2011
405,Rich Dad Poor Dad,David Goggins,Self-Help,4.5,456,1981
406,The Hobbit,Charles Duhigg,Fiction,4,3793,1976
407,The Girl with the Dragon Tattoo,Yuval Noah Harari,Mystery,4.9,3632,2000
408,A Court of Thorns and Roses,Madeline Miller,Fantasy,2.9,2895,2004
409,Gone Girl,Cal Newport,Science Fiction,4.8,1556,2021
410,The Da Vinci Code,Napoleon Hill,Historical,3.4,2653,1980
411,The Book Thief,Gillian Flynn,Horror,4.5,4547,2022
412,The Poppy War,J.K. Rowling,Non-Fiction,4.5,3859,2003
413,The House in the Cerulean Sea,F. Scott Fitzgerald,Mystery,3.7,3889,1994
414,The Power of Habit,Paulo Coelho,Thriller,2.8,143,1951
415,The Hunger Games,James Clear,Fiction,4.5,950,2004
416,Verity,Napoleon Hill,Thriller,3.6,2627,1991
417,An Ember in the Ashes,Napoleon Hill,Fiction,3,4293,1982
418,The Power of Habit,David Goggins,Romance,3.2,3159,1992
419,The Four Agreements,Cormac McCarthy,Historical,2.6,2807,1981
420,The Poppy War,George Orwell,Mystery,4.5,3135,1981
421,Before We Were Strangers,Dan Brown,Self-Help,2.7,4391,1977
422,The Midnight Library,F. Scott Fitzgerald,Science Fiction,4.1,1199,1989
423,The Alchemist,Robin Sharma,Self-Help,4.9,1758,1996
424,The Shadow of the Wind,Patrick Rothfuss,Science Fiction,2.6,4069,1991
425,The Poppy War,Paulo Coelho,Mystery,4.6,3404,1979
426,An Ember in the Ashes,Cal Newport,Science Fiction,2.6,375,1962
427,Verity,Robin Sharma,Self-Help,2.8,4508,2004
428,The Road,Matt Haig,Romance,3.3,4589,1987
429,The House in the Cerulean Sea,Napoleon Hill,Fiction,2.9,1369,1972
430,The Hobbit,Dan Brown,Horror,4.9,1289,1960
431,Eragon,Matt Haig,Historical,3.4,41,1995
432,Circe,Robin Sharma,Self-Help,2.9,450,1994
433,The Night Circus,Carlos Ruiz Zafón,Romance,4.4,3113,2009
434,The Shadow of the Wind,Jane Austen,Mystery,2.6,4490,1966
435,The Alchemist,Matt Haig,Historical,2.7,2190,1977
436,Rich Dad Poor Dad,James Clear,Mystery,4.7,2618,1998
437,The Psychology of Money,Robin Sharma,Self-Help,4,2213,2024
438,Atomic Habits,R.F. Kuang,Mystery,2.7,2478,2023
439,Think and Grow Rich,Robin Sharma,Self-Help,3.6,162,2004
440,Rich Dad Poor Dad,F. Scott Fitzgerald,Thriller,3.7,3950,1954
441,The Poppy War,Cormac McCarthy,Romance,4.6,428,1972
442,Atomic Habits,Cal Newport,Non-Fiction,4.3,1097,1979
443,Rich Dad Poor Dad,Brandon Sanderson,Fantasy,4.9,101,2003
444,Brave New World,F. Scott Fitzgerald,Self-Help,3.3,1284,2004
445,The Hunger Games,Charles Duhigg,Mystery,3.3,3352,1987
446,Dune,Taylor Jenkins Reid,Romance,4.1,1570,1968
447,The Hobbit,Robin Sharma,Romance,3,1443,2016
448,The Alchemist,Matt Haig,Fantasy,4.4,1384,1982
449,Dune,Dan Brown,Mystery,3.1,1906,1978
450,An Ember in the Ashes,Charles Duhigg,Self-Help,2.6,4830,1970
451,Dune,David Goggins,Fantasy,4.4,1513,2004
452,The Alchemist,Patrick Rothfuss,Mystery,3.9,1760,1958
453,The Hobbit,Matt Haig,Fiction,4.8,86,2007
454,The Alchemist,Fredrik Backman,Thriller,3.5,4944,1972
455,An Ember in the Ashes,Andy Weir,Self-Help,3.8,1085,2006
456,An Ember in the Ashes,J.K. Rowling,Thriller,4.6,718,2022
457,The Road,F. Scott Fitzgerald,Thriller,4,418,1987
458,The Poppy War,Robert Kiyosaki,Non-Fiction,3.5,354,1989
459,An Ember in the Ashes,Matt Haig,Romance,2.6,817,1972
460,Rich Dad Poor Dad,Robin Sharma,Non-Fiction,3.3,1673,1990
461,The Alchemist,Matt Haig,Fiction,4.5,2034,1953
462,The Subtle Art of Not Giving a F*ck,Robin Sharma,Historical,3.6,1376,1964
463,The Psychology of Money,Paulo Coelho,Historical,4.9,2237,2000
464,The Poppy War,F. Scott Fitzgerald,Thriller,2.7,1780,1950
465,An Ember in the Ashes,Matt Haig,Horror,4.6,1870,2014
466,The Alchemist,Matt Haig,Non-Fiction,4.8,4097,1986
467,The Alchemist,Jane Austen,Horror,3.7,213,1969
468,The Four Agreements,James Clear,Science Fiction,3.1,2991,2013
469,An Ember in the Ashes,Paulo Coelho,Science Fiction,5,3654,2012
470,A Court of Thorns and Roses,Gillian Flynn,Historical,4,4504,1954
471,An Ember in the Ashes,Robin Sharma,Fantasy,4.1,1405,2012
472,Pride and Prejudice,Madeline Miller,Self-Help,3.7,654,1984
473,The Power of Habit,Andy Weir,Mystery,3.6,1848,1998
474,Deep Work,Matt Haig,Mystery,3.5,4055,2006
475,The Psychology of Money,J.K. Rowling,Non-Fiction,3.4,1876,1988
476,The Psychology of Money,Patrick Rothfuss,Horror,4.7,1646,2005
477,Rich Dad Poor Dad,Jane Austen,Science Fiction,4.9,1386,2012
478,Before We Were Strangers,Robin Sharma,Non-Fiction,5,619,2009
479,Before We Were Strangers,R.F. Kuang,Romance,4.2,2531,1956
480,Atomic Habits,Cal Newport,Romance,4.1,3924,1972
481,Red Queen,Andy Weir,Mystery,3.3,1381,2006
482,The Poppy War,Charles Duhigg,Mystery,4.2,3797,1963
483,The Subtle Art of Not Giving a F*ck,Cormac McCarthy,Horror,4.2,3397,2005
484,The Silent Patient,Carlos Ruiz Zafón,Mystery,5,3187,2000
485,The Catcher in the Rye,Matt Haig,Mystery,4.5,2161,1965
486,Where the Crawdads Sing,Andy Weir,Historical,2.6,1928,1976
487,Before We Were Strangers,R.F. Kuang,Fantasy,4.9,824,1981
488,Deep Work,Charles Duhigg,Romance,3,2636,1988
489,Gone Girl,J.R.R. Tolkien,Self-Help,3.6,3238,1951
490,Dune,Jane Austen,Fantasy,3.9,2245,1973
491,An Ember in the Ashes,Fredrik Backman,Romance,3,2279,1992
492,The Four Agreements,F. Scott Fitzgerald,Fiction,4.7,1895,2019
493,Pride and Prejudice,Taylor Jenkins Reid,Horror,3.3,3158,1955
494,Where the Crawdads Sing,Robin Sharma,Romance,2.6,3759,2008
495,An Ember in the Ashes,F. Scott Fitzgerald,Historical,3.7,3510,1983
496,Rich Dad Poor Dad,Dan Brown,Horror,4.3,4324,2005
497,A Man Called Ove,Sarah J. Maas,Mystery,2.6,4007,2016
498,Atomic Habits,Madeline Miller,Historical,3.7,192,1986
499,The Shadow of the Wind,Napoleon Hill,Self-Help,2.8,3145,2001
500,Rich Dad Poor Dad,Robin Sharma,Romance,4.3,3690,2010
501,The Shadow of the Wind,Ray Bradbury,Historical,2.9,4722,2004
502,Where the Crawdads Sing,Jane Austen,Fantasy,2.5,1164,2016
503,The Poppy War,Matt Haig,Self-Help,4.8,4766,2021
504,Rich Dad Poor Dad,Sarah J. Maas,Fiction,2.8,1652,1981
505,An Ember in the Ashes,Cal Newport,Historical,2.7,4327,2024
506,Eragon,Matt Haig,Romance,2.5,247,2006
507,The Poppy War,Matt Haig,Self-Help,4.2,4990,1989
508,Rich Dad Poor Dad,Gillian Flynn,Fantasy,3.9,3188,1989
509,The Poppy War,Matt Haig,Non-Fiction,3.1,2239,2020
510,Dune,Dale Carnegie,Historical,3.2,2456,1969
511,Eragon,F. Scott Fitzgerald,Science Fiction,3,1167,2023
512,The Subtle Art of Not Giving a F*ck,Robin Sharma,Fiction,4.8,1965,2019
513,The Name of the Wind,Andy Weir,Historical,2.7,4737,2001
514,The Subtle Art of Not Giving a F*ck,Dan Brown,Romance,4.8,2325,1982
515,The Alchemist,Taylor Jenkins Reid,Self-Help,3.4,1755,1973
516,The Subtle Art of Not Giving a F*ck,Cal Newport,Self-Help,2.8,2720,1970
517,Atomic Habits,Robin Sharma,Fantasy,2.7,2721,1982
518,Rich Dad Poor Dad,Christopher Paolini,Non-Fiction,3.3,408,1984
519,Dune,Jane Austen,Romance,3.6,3872,1967
520,Sapiens,Matt Haig,Mystery,3.5,855,1976
521,Atomic Habits,David Goggins,Fiction,3.7,3777,1993
522,The Alchemist,James Clear,Science Fiction,4.9,3242,2009
523,An Ember in the Ashes,Fredrik Backman,Fantasy,3.2,1480,2014
524,The Four Agreements,James Clear,Non-Fiction,4,4978,1983
525,Think and Grow Rich,David Goggins,Thriller,4.9,466,1976
526,Red Queen,R.F. Kuang,Science Fiction,4.8,984,2005
527,Atomic Habits,Cormac McCarthy,Science Fiction,2.9,2298,2002
528,The Shadow of the Wind,Robin Sharma,Horror,3.4,2751,1987
529,Circe,F. Scott Fitzgerald,Horror,3.6,3397,1986
530,Brave New World,Yuval Noah Harari,Romance,4.1,3198,1956
531,Pride and Prejudice,Andy Weir,Self-Help,3.6,3148,1998
532,The Book Thief,Cal Newport,Fiction,3.8,3840,1977
533,An Ember in the Ashes,Robin Sharma,Fiction,2.7,4776,1970
534,Dune,Carlos Ruiz Zafón,Horror,2.9,2265,1989
535,The Alchemist,Robin Sharma,Historical,4.8,2893,2004
536,The Alchemist,Matt Haig,Thriller,2.5,4412,1994
537,The Hobbit,Robin Sharma,Historical,4.4,4559,1979
538,Dune,F. Scott Fitzgerald,Thriller,3.9,2991,1964
539,The Shadow of the Wind,Gillian Flynn,Thriller,3.8,3503,1970
540,The Hunger Games,F. Scott Fitzgerald,Horror,5,3585,2024
541,Pride and Prejudice,R.F. Kuang,Self-Help,4.5,1813,2004
542,The Power of Habit,Don Miguel Ruiz,Horror,3.8,3186,1990
543,Circe,Robin Sharma,Horror,4.2,3282,1981
544,The Seven Husbands of Evelyn Hugo,Madeline Miller,Science Fiction,3.6,254,2015
545,The 5 AM Club,Jane Austen,Self-Help,2.9,149,1978
546,An Ember in the Ashes,Cal Newport,Self-Help,4.3,3957,1965
547,The Psychology of Money,R.F. Kuang,Fiction,3,4828,1983
548,Pride and Prejudice,Matt Haig,Mystery,3.6,4071,1976
549,Can’t Hurt Me,Matt Haig,Romance,4.8,2056,2020
550,Atomic Habits,Matt Haig,Self-Help,2.7,4602,1959
551,Dune,Sarah J. Maas,Fiction,4.8,2099,1951
552,The Poppy War,Charles Duhigg,Historical,4.5,2707,2024
553,The 5 AM Club,Matt Haig,Fantasy,2.6,3321,2017
554,The Alchemist,F. Scott Fitzgerald,Fiction,3.8,559,2006
555,Brave New World,R.F. Kuang,Historical,5,2523,2018
556,The Shining,George Orwell,Self-Help,2.6,1891,1957
557,The Hobbit,Robin Sharma,Fantasy,3.6,86,1987
558,Dune,Patrick Rothfuss,Romance,4.4,1942,1981
559,A Court of Thorns and Roses,Jane Austen,Thriller,3.1,4630,2023
560,The Alchemist,F. Scott Fitzgerald,Science Fiction,4.6,3852,2014
561,The Alchemist,Andy Weir,Mystery,3.9,2785,1955
562,The Four Agreements,Cal Newport,Horror,5,2840,1983
563,Pride and Prejudice,Charles Duhigg,Horror,3.4,3006,1954
564,The Hunger Games,Ray Bradbury,Non-Fiction,4.2,4926,2011
565,Dune,F. Scott Fitzgerald,Fantasy,3.1,93,1970
566,The Four Agreements,Matt Haig,Mystery,4.9,4064,1984
567,Harry Potter and the Sorcerer’s Stone,George Orwell,Horror,2.9,2472,1986
568,An Ember in the Ashes,Jane Austen,Mystery,4.9,3533,2012
569,Verity,Fredrik Backman,Self-Help,4.6,1772,1987
570,The Hobbit,James Clear,Fantasy,3.1,3838,1982
571,Red Queen,R.F. Kuang,Science Fiction,3.4,1099,1970
572,Where the Crawdads Sing,Patrick Rothfuss,Non-Fiction,4.7,281,1998
573,The 5 AM Club,R.F. Kuang,Science Fiction,3.6,4901,1993
574,The Four Agreements,Carlos Ruiz Zafón,Thriller,2.6,2123,1950
575,Dune,Ray Bradbury,Horror,3.8,4115,2001
576,Can’t Hurt Me,Cal Newport,Science Fiction,3.1,3321,2007
577,The Shadow of the Wind,Paulo Coelho,Historical,3.9,1622,1959
578,The Alchemist,Matt Haig,Self-Help,3.5,2187,1990
579,An Ember in the Ashes,Patrick Rothfuss,Horror,2.7,3487,1964
580,Throne of Glass,Cal Newport,Historical,4.7,2856,1980
581,The Shadow of the Wind,Matt Haig,Romance,4,2540,1957
582,The Psychology of Money,Jane Austen,Fantasy,3.6,3893,2001
583,The Psychology of Money,Jane Austen,Historical,2.8,2608,2022
584,Dune,Taylor Jenkins Reid,Thriller,3,1714,1997
585,To Kill a Mockingbird,Cal Newport,Non-Fiction,2.8,1018,1976
586,The Great Gatsby,Fredrik Backman,Mystery,3.7,535,2018
587,The Psychology of Money,Taylor Jenkins Reid,Fiction,4.1,2757,1965
588,The Hunger Games,Cal Newport,Fantasy,4.6,4272,1975
589,Eragon,Matt Haig,Thriller,4.4,1511,1972
590,The Name of the Wind,Charles Duhigg,Thriller,3.5,4237,1984
591,The Shining,R.F. Kuang,Thriller,4.5,3167,1963
592,How to Win Friends and Influence People,Cal Newport,Thriller,2.7,2415,2013
593,Sapiens,Matt Haig,Mystery,2.5,4699,1988
594,An Ember in the Ashes,Andy Weir,Romance,3.3,2438,1988
595,The Hobbit,Dale Carnegie,Mystery,2.7,478,1982
596,Pride and Prejudice,Gillian Flynn,Non-Fiction,3.6,335,1954
597,Dune,Jane Austen,Mystery,4.8,525,1988
598,Eragon,Cormac McCarthy,Thriller,2.7,2010,2008
599,Pride and Prejudice,Patrick Rothfuss,Fiction,4.3,567,1997
600,Dune,Robin Sharma,Non-Fiction,4.4,1938,2010
601,The Alchemist,R.F. Kuang,Fiction,4.9,4676,1978
602,The Alchemist,Paulo Coelho,Thriller,2.6,2688,2022
603,Pride and Prejudice,R.F. Kuang,Self-Help,3.4,3969,1963
604,Dune,Charles Duhigg,Fantasy,4.7,2577,1951
605,The Hunger Games,Don Miguel Ruiz,Non-Fiction,4.9,4750,1970
606,An Ember in the Ashes,George Orwell,Historical,2.9,307,1964
607,The Psychology of Money,Fredrik Backman,Mystery,3.5,4902,2009
608,Atomic Habits,Robin Sharma,Fantasy,4.7,1955,1955
609,The Hobbit,James Clear,Horror,4.4,536,1950
610,Before We Were Strangers,Madeline Miller,Horror,3.2,1507,2015
611,The Silent Patient,Robin Sharma,Mystery,3.8,4650,1952
612,Harry Potter and the Sorcerer’s Stone,Napoleon Hill,Mystery,2.7,1945,1987
613,The Alchemist,Madeline Miller,Thriller,3.4,3899,2013
614,Where the Crawdads Sing,Cormac McCarthy,Fantasy,2.8,1481,2009
615,Harry Potter and the Sorcerer’s Stone,Matt Haig,Horror,3.4,3632,1997
616,The Alchemist,Matt Haig,Mystery,5,333,2005
617,Pride and Prejudice,Jane Austen,Self-Help,4.8,1130,1983
618,The Seven Husbands of Evelyn Hugo,Morgan Housel,Science Fiction,4.9,4697,1997
619,Project Hail Mary,Gillian Flynn,Thriller,4.1,1094,1988
620,Before We Were Strangers,Napoleon Hill,Science Fiction,4.1,4259,1959
621,The Poppy War,F. Scott Fitzgerald,Thriller,3.2,4219,1956
622,The Hobbit,Matt Haig,Self-Help,2.8,4705,2003
623,An Ember in the Ashes,Carlos Ruiz Zafón,Fiction,2.8,105,2012
624,The Alchemist,Matt Haig,Self-Help,3.2,2134,1990
625,The Shadow of the Wind,Madeline Miller,Historical,3.7,434,2009
626,Pride and Prejudice,Napoleon Hill,Historical,4.5,3137,1958
627,The Alchemist,Matt Haig,Fantasy,3.8,838,2005
628,Red Queen,Robin Sharma,Romance,4.5,3412,1997
629,The Four Agreements,Charles Duhigg,Fantasy,3.7,3963,1990
630,An Ember in the Ashes,Jane Austen,Fiction,4.9,1886,1977
631,An Ember in the Ashes,Napoleon Hill,Science Fiction,2.8,1325,2024
632,Pride and Prejudice,Gillian Flynn,Science Fiction,4.4,872,1961
633,The Alchemist,Taylor Jenkins Reid,Mystery,3.8,3428,2004
634,The Shining,David Goggins,Fantasy,3,4816,1989
635,Pride and Prejudice,Patrick Rothfuss,Fiction,4,4747,1964
636,Rich Dad Poor Dad,Taylor Jenkins Reid,Fiction,4.8,1418,2013
637,The Four Agreements,Charles Duhigg,Historical,3.2,2573,1957
638,Sapiens,Matt Haig,Mystery,3.7,2855,1953
639,The Road,Robin Sharma,Fantasy,3.4,2513,2000
640,The Alchemist,Robin Sharma,Mystery,2.8,463,1963
641,The Psychology of Money,F. Scott Fitzgerald,Thriller,2.7,3503,1950
642,Dune,James Clear,Non-Fiction,4.5,971,2019
643,The Subtle Art of Not Giving a F*ck,Dan Brown,Non-Fiction,2.7,4615,2003
644,1984,James Clear,Self-Help,3.8,1240,1993
645,Pride and Prejudice,Charles Duhigg,Science Fiction,3.4,2559,2015
646,The Shadow of the Wind,F. Scott Fitzgerald,Science Fiction,2.7,2025,1994
647,Deep Work,Robin Sharma,Fiction,3.8,360,2009
648,The Alchemist,Cormac McCarthy,Romance,2.9,2215,2007
649,Eragon,James Clear,Self-Help,5,4198,1994
650,Think and Grow Rich,Taylor Jenkins Reid,Horror,3.6,1176,1979
651,A Court of Thorns and Roses,Napoleon Hill,Thriller,3.2,4859,1975
652,Rich Dad Poor Dad,Cal Newport,Romance,4.2,4781,2000
653,An Ember in the Ashes,Patrick Rothfuss,Thriller,3.1,118,1993
654,The Hobbit,Jane Austen,Self-Help,3.6,4999,1975
655,Dune,Charles Duhigg,Fiction,4.6,3423,2016
656,Pride and Prejudice,Matt Haig,Mystery,4,880,1977
657,The Alchemist,J.R.R. Tolkien,Self-Help,3.8,418,1955
658,To Kill a Mockingbird,Fredrik Backman,Thriller,2.6,4660,1995
659,Pride and Prejudice,Patrick Rothfuss,Self-Help,2.8,1109,1953
660,The Alchemist,Napoleon Hill,Fantasy,4.9,4725,2024
661,The Seven Husbands of Evelyn Hugo,Fredrik Backman,Thriller,3.6,4619,1978
662,Rich Dad Poor Dad,Gillian Flynn,Historical,3.7,3418,1971
663,Circe,Patrick Rothfuss,Romance,4.4,86,1988
664,Rich Dad Poor Dad,Paulo Coelho,Fiction,2.9,2402,2007
665,Pride and Prejudice,Gillian Flynn,Science Fiction,4.4,615,1965
666,Dune,Andy Weir,Fiction,2.9,624,1951
667,The Poppy War,Robin Sharma,Fiction,2.8,4007,1959
668,Eragon,Matt Haig,Non-Fiction,3.6,2753,1983
669,The Poppy War,Taylor Jenkins Reid,Science Fiction,4.7,4655,2016
670,The Poppy War,Matt Haig,Romance,2.6,4296,2019
671,An Ember in the Ashes,F. Scott Fitzgerald,Mystery,3.7,3215,1963
672,The Subtle Art of Not Giving a F*ck,Madeline Miller,Thriller,3.5,1982,1952
673,The Psychology of Money,F. Scott Fitzgerald,Romance,3.3,354,1973
674,Rich Dad Poor Dad,James Clear,Non-Fiction,3.7,2738,2008
675,Pride and Prejudice,Gillian Flynn,Self-Help,2.8,2840,1980
676,The Hunger Games,Jane Austen,Horror,3.6,365,1974
677,The Psychology of Money,Fredrik Backman,Mystery,3.6,810,1981
678,The Hobbit,Cal Newport,Science Fiction,3.6,1039,2022
679,Circe,Cormac McCarthy,Non-Fiction,2.6,257,1956
680,The Subtle Art of Not Giving a F*ck,Fredrik Backman,Self-Help,3.8,2319,1995
681,Gone Girl,Stephen King,Non-Fiction,3.1,593,1950
682,The Road,Napoleon Hill,Fiction,2.8,4352,2012
683,An Ember in the Ashes,Patrick Rothfuss,Fiction,3.4,1125,2004
684,Red Queen,Patrick Rothfuss,Mystery,3,4686,1966
685,Rich Dad Poor Dad,F. Scott Fitzgerald,Thriller,3.8,406,1950
686,The Alchemist,Christopher Paolini,Thriller,3.9,3883,2009
687,The Alchemist,Don Miguel Ruiz,Horror,3.6,4823,1967
688,The Hobbit,Patrick Rothfuss,Historical,3.1,1754,1972
689,The Psychology of Money,Cormac McCarthy,Mystery,3.2,1656,1995
690,The Shadow of the Wind,F. Scott Fitzgerald,Self-Help,3.5,2014,1959
691,The Psychology of Money,Robin Sharma,Fantasy,4,495,1978
692,An Ember in the Ashes,David Goggins,Mystery,2.6,214,1957
693,The Power of Habit,Dan Brown,Romance,2.7,1686,2007
694,Eragon,Jane Austen,Fiction,4.5,4231,1965
695,Pride and Prejudice,Ray Bradbury,Historical,4,1073,1997
696,Before We Were Strangers,Dan Brown,Thriller,3.1,4069,2002
697,Brave New World,David Goggins,Fantasy,4,3699,2003
698,Dune,Charles Duhigg,Self-Help,3.1,575,1958
699,The Hunger Games,F. Scott Fitzgerald,Horror,4.6,2954,2016
700,The Poppy War,Patrick Rothfuss,Mystery,3.6,1056,1987
701,An Ember in the Ashes,Madeline Miller,Science Fiction,2.7,1782,1984
702,An Ember in the Ashes,James Clear,Mystery,3.9,775,2014
703,An Ember in the Ashes,Charles Duhigg,Non-Fiction,4.5,4976,1992
704,To Kill a Mockingbird,Matt Haig,Romance,3.5,3271,2009
705,Rich Dad Poor Dad,Don Miguel Ruiz,Science Fiction,3.2,369,2013
706,The Name of the Wind,Napoleon Hill,Science Fiction,3.4,691,1957
707,Atomic Habits,Cal Newport,Horror,4.2,2136,1980
708,Dune,J.K. Rowling,Mystery,4.4,4431,1961
709,An Ember in the Ashes,Cal Newport,Mystery,3.4,3573,2017
710,An Ember in the Ashes,Andy Weir,Fantasy,4.8,766,1968
711,It Ends with Us,Cormac McCarthy,Horror,2.9,354,1998
712,The Psychology of Money,Taylor Jenkins Reid,Romance,4.5,3524,2020
713,The Shining,Matt Haig,Non-Fiction,2.8,884,2022
714,Before We Were Strangers,Napoleon Hill,Horror,4.2,4572,2015
715,The Alchemist,Matt Haig,Non-Fiction,2.6,4986,1973
716,Throne of Glass,Robin Sharma,Non-Fiction,3.5,4822,1989
717,A Court of Thorns and Roses,Patrick Rothfuss,Fiction,4,1305,1974
718,It Ends with Us,Christopher Paolini,Non-Fiction,4.6,4460,2006
719,The Poppy War,Cal Newport,Self-Help,4.8,3907,1983
720,Brave New World,Robin Sharma,Non-Fiction,3.5,707,2018
721,Pride and Prejudice,Jane Austen,Romance,3.7,4178,1964
722,The Psychology of Money,Jane Austen,Historical,4.8,2691,2002
723,An Ember in the Ashes,Matt Haig,Horror,4.8,1812,1954
724,The Alchemist,Cormac McCarthy,Science Fiction,5,782,1952
725,Red Queen,Sarah J. Maas,Self-Help,4.3,1513,1958
726,Dune,James Clear,Thriller,4.2,4936,2019
727,Deep Work,Matt Haig,Self-Help,3.6,4828,1957
728,Atomic Habits,F. Scott Fitzgerald,Romance,4.7,1248,1980
729,1984,R.F. Kuang,Historical,2.7,2042,2008
730,Dune,R.F. Kuang,Fiction,3.8,335,1977
731,The Road,James Clear,Romance,3.2,4984,1965
732,Rich Dad Poor Dad,Sarah J. Maas,Mystery,3.5,4601,2014
733,Dune,Matt Haig,Historical,3.9,2898,1975
734,The Psychology of Money,Charles Duhigg,Fiction,3.8,2872,2012
735,An Ember in the Ashes,Napoleon Hill,Self-Help,3.5,226,2016
736,The Hunger Games,Harper Lee,Thriller,3.9,4049,1979
737,The Seven Husbands of Evelyn Hugo,Matt Haig,Non-Fiction,5,1580,2012
738,Dune,Gillian Flynn,Romance,4.4,1822,2009
739,The Hunger Games,R.F. Kuang,Horror,3.4,1474,2014
740,An Ember in the Ashes,Matt Haig,Fantasy,3.8,3474,1988
741,The Hobbit,Carlos Ruiz Zafón,Thriller,4.8,3053,1996
742,Pride and Prejudice,Cal Newport,Historical,2.6,1848,1958
743,The Alchemist,Taylor Jenkins Reid,Romance,3.9,3813,1957
744,Pride and Prejudice,Matt Haig,Historical,3.7,4679,1972
745,A Court of Thorns and Roses,R.F. Kuang,Science Fiction,3,4016,1961
746,The Psychology of Money,Madeline Miller,Thriller,2.8,2602,1951
747,Can’t Hurt Me,F. Scott Fitzgerald,Fantasy,4.5,3931,1955
748,Eragon,Morgan Housel,Science Fiction,4.1,3424,1960
749,The Alchemist,Sarah J. Maas,Self-Help,3.4,3645,1992
750,The Poppy War,Dale Carnegie,Romance,3,4340,1988
751,The Psychology of Money,Charles Duhigg,Thriller,4,3501,2008
752,Atomic Habits,F. Scott Fitzgerald,Science Fiction,4.5,1223,2018
753,The Hobbit,Dale Carnegie,Science Fiction,5,3066,2010
754,The Four Agreements,F. Scott Fitzgerald,Fiction,3,2499,2017
755,Dune,Patrick Rothfuss,Non-Fiction,4,285,2021
756,Atomic Habits,Paulo Coelho,Historical,3.8,291,1975
757,Eragon,Matt Haig,Mystery,2.6,1130,1991
758,Pride and Prejudice,Christopher Paolini,Horror,4.2,477,1974
759,The Seven Husbands of Evelyn Hugo,Cormac McCarthy,Self-Help,4.7,4045,1955
760,Gone Girl,Matt Haig,Mystery,3.2,1907,1974
761,Pride and Prejudice,Cormac McCarthy,Science Fiction,3.8,4401,1960
762,An Ember in the Ashes,Andy Weir,Science Fiction,3.3,405,1997
763,It Ends with Us,David Goggins,Fiction,4.3,2887,1965
764,1984,Ray Bradbury,Non-Fiction,3.6,2419,1962
765,An Ember in the Ashes,Andy Weir,Horror,4.4,3336,2004
766,Think and Grow Rich,Cormac McCarthy,Fiction,4.7,514,2011
767,To Kill a Mockingbird,Colleen Hoover,Horror,4.4,3367,1998
768,An Ember in the Ashes,Andy Weir,Fiction,4.1,1324,2014
769,Circe,Harper Lee,Science Fiction,4,751,1986
770,The Poppy War,Sarah J. Maas,Historical,3.7,3755,2021
771,Rich Dad Poor Dad,Cormac McCarthy,Fiction,3.7,4651,2013
772,A Court of Thorns and Roses,David Goggins,Horror,3.1,1532,1976
773,The Poppy War,Cormac McCarthy,Fiction,3.8,4527,1977
774,The Girl with the Dragon Tattoo,Paulo Coelho,Romance,4,3821,1990
775,Circe,Carlos Ruiz Zafón,Horror,4.7,3769,1983
776,Dune,Robin Sharma,Non-Fiction,2.7,3527,2009
777,The Psychology of Money,Cal Newport,Self-Help,3.4,1089,2019
778,Can’t Hurt Me,Patrick Rothfuss,Fantasy,4.8,265,2004
779,Atomic Habits,James Clear,Non-Fiction,3.7,3718,2022
780,Dune,J.K. Rowling,Self-Help,3.5,80,1996
781,The Shining,Matt Haig,Horror,4.1,3777,2000
782,An Ember in the Ashes,Cormac McCarthy,Mystery,4.5,3753,1954
783,An Ember in the Ashes,Robin Sharma,Historical,4.1,2390,1987
784,Brave New World,Sarah J. Maas,Romance,5,3723,1982
785,The Hunger Games,Cormac McCarthy,Mystery,3.2,2547,1969
786,The Alchemist,Robin Sharma,Romance,4.6,4810,2023
787,The Poppy War,R.F. Kuang,Non-Fiction,3.4,2461,1953
788,Eragon,Andy Weir,Science Fiction,2.7,1299,1993
789,Rich Dad Poor Dad,Jane Austen,Self-Help,2.6,166,1979
790,The Alchemist,Patrick Rothfuss,Non-Fiction,3.9,1716,1996
791,Dune,Dan Brown,Horror,2.9,4484,1965
792,The Psychology of Money,Gillian Flynn,Science Fiction,3.1,1186,1992
793,An Ember in the Ashes,Robin Sharma,Science Fiction,2.7,1239,2013
794,The Hobbit,Jane Austen,Mystery,4.1,4105,1991
795,The Psychology of Money,Cal Newport,Mystery,4.5,2841,1991
796,The Psychology of Money,Napoleon Hill,Historical,2.7,662,1966
797,The 5 AM Club,George Orwell,Fiction,3.9,2686,1965
798,Eragon,David Goggins,Self-Help,4.9,4836,1967
799,Dune,Robin Sharma,Fantasy,4,1188,1992
800,The Name of the Wind,Sarah J. Maas,Science Fiction,3.1,2772,2024
801,The Hobbit,Robin Sharma,Fantasy,3.8,2968,2001
802,An Ember in the Ashes,Don Miguel Ruiz,Self-Help,4.8,1159,2024
803,Pride and Prejudice,Cal Newport,Horror,4.1,2430,2010
804,The Shadow of the Wind,R.F. Kuang,Science Fiction,3.8,4237,2010
805,The Psychology of Money,Cormac McCarthy,Horror,4.5,3143,1954
806,The Power of Habit,James Clear,Fiction,4.5,1059,1952
807,The Subtle Art of Not Giving a F*ck,Matt Haig,Mystery,3.4,2439,1982
808,The Hobbit,Matt Haig,Historical,3.3,1381,1990
809,Atomic Habits,Suzanne Collins,Fiction,3.1,912,1960
810,The Silent Patient,Jane Austen,Non-Fiction,4.2,1986,1983
811,Where the Crawdads Sing,Paulo Coelho,Self-Help,4.7,4785,2015
812,The Road,James Clear,Self-Help,4.7,1005,1974
813,The Alchemist,David Goggins,Thriller,3.2,4333,1982
814,Pride and Prejudice,Andy Weir,Self-Help,4.9,3596,1977
815,The Hunger Games,Harper Lee,Fiction,3.5,3383,1984
816,Pride and Prejudice,Andy Weir,Mystery,2.9,1457,1961
817,The Silent Patient,Stephen King,Historical,4.2,2004,1986
818,The Shadow of the Wind,Jane Austen,Fiction,4.4,1450,1975
819,Red Queen,Andy Weir,Non-Fiction,3.5,4376,2013
820,Gone Girl,Cal Newport,Self-Help,4,1541,1998
821,Dune,Andy Weir,Horror,3.7,4749,1975
822,Atomic Habits,Jane Austen,Mystery,2.6,2891,2019
823,The Psychology of Money,Patrick Rothfuss,Mystery,2.7,2690,2013
824,Rich Dad Poor Dad,Napoleon Hill,Mystery,4.2,1586,1958
825,The Hunger Games,Harper Lee,Romance,3.3,3304,1995
826,Pride and Prejudice,Gillian Flynn,Mystery,2.6,777,1986
827,The Alchemist,F. Scott Fitzgerald,Fantasy,3.3,1667,2006
828,Eragon,Charles Duhigg,Non-Fiction,4,1422,1983
829,The Book Thief,Jane Austen,Historical,4.7,331,1969
830,An Ember in the Ashes,Taylor Jenkins Reid,Fantasy,4.9,1343,1973
831,The Alchemist,Colleen Hoover,Thriller,3,4079,1993
832,The Girl with the Dragon Tattoo,Cal Newport,Fiction,3.3,150,1987
833,The Alchemist,J.K. Rowling,Horror,4.8,1158,1951
834,Pride and Prejudice,Victoria Aveyard,Mystery,2.6,4143,2002
835,The Alchemist,Matt Haig,Fantasy,3.5,1541,1973
836,The Road,Taylor Jenkins Reid,Mystery,3.3,2053,1991
837,The Power of Habit,Napoleon Hill,Fiction,3.8,1028,1972
838,Eragon,Cal Newport,Horror,3.8,4261,1961
839,The Power of Habit,Napoleon Hill,Fiction,3.7,3755,1999
840,Rich Dad Poor Dad,Napoleon Hill,Mystery,4.2,4850,1957
841,The Poppy War,Dale Carnegie,Mystery,2.6,3750,2003
842,Circe,R.F. Kuang,Historical,4.3,2350,1989
843,To Kill a Mockingbird,J.K. Rowling,Fantasy,2.6,2004,2020
844,The Subtle Art of Not Giving a F*ck,Stephen King,Non-Fiction,4.8,4831,1972
845,Dune,Jane Austen,Thriller,4.4,4470,1997
846,Pride and Prejudice,Napoleon Hill,Thriller,4.9,497,1984
847,Eragon,Madeline Miller,Mystery,3.2,739,2012
848,The Psychology of Money,Cal Newport,Non-Fiction,3.5,1289,1957
849,A Court of Thorns and Roses,Colleen Hoover,Historical,3.3,3160,2010
850,Throne of Glass,Taylor Jenkins Reid,Romance,4,4653,1994
851,Red Queen,Robin Sharma,Science Fiction,3.5,4317,1984
852,Pride and Prejudice,Madeline Miller,Science Fiction,2.7,1557,2014
853,Eragon,Napoleon Hill,Horror,3.4,4846,1952
854,Dune,Robin Sharma,Self-Help,3,759,2007
855,The Alchemist,Napoleon Hill,Fiction,4.9,2073,2023
856,Dune,Cal Newport,Self-Help,3.9,4616,1970
857,The Alchemist,Stephen King,Non-Fiction,4.9,100,1959
858,An Ember in the Ashes,Matt Haig,Science Fiction,3.9,3879,2024
859,Pride and Prejudice,Jane Austen,Fantasy,3.3,3855,2006
860,Eragon,James Clear,Fantasy,4.9,4097,2015
861,Circe,Cormac McCarthy,Historical,2.9,609,1997
862,A Court of Thorns and Roses,J.K. Rowling,Science Fiction,3.8,1748,2011
863,Pride and Prejudice,Jane Austen,Thriller,3.6,1198,1962
864,Rich Dad Poor Dad,Harper Lee,Historical,3.9,1354,1992
865,The Shining,Cal Newport,Fiction,4.8,1591,2016
866,Sapiens,Paulo Coelho,Self-Help,5,4953,2024
867,Rich Dad Poor Dad,Robin Sharma,Fiction,4.7,575,1978
868,The Midnight Library,R.F. Kuang,Romance,4.4,2000,1973
869,Dune,Jane Austen,Historical,4.4,1840,2015
870,Dune,Dan Brown,Horror,4.3,777,1969
871,The Four Agreements,Robin Sharma,Science Fiction,3.2,2090,2008
872,The Book Thief,Patrick Rothfuss,Mystery,3.7,4031,2013
873,The Shadow of the Wind,Taylor Jenkins Reid,Self-Help,4.8,2448,1959
874,Sapiens,James Clear,Fantasy,4.5,2749,2019
875,The Shadow of the Wind,Andy Weir,Horror,4.1,717,1998
876,Red Queen,Stephen King,Mystery,3.7,2990,1982
877,An Ember in the Ashes,Robin Sharma,Fiction,4.1,108,2022
878,The Alchemist,James Clear,Fiction,4.2,289,1986
879,An Ember in the Ashes,Taylor Jenkins Reid,Fantasy,2.7,439,1995
880,Circe,Christopher Paolini,Historical,3.3,3276,1989
881,The Alchemist,Matt Haig,Fantasy,4.2,4342,1981
882,Atomic Habits,David Goggins,Self-Help,2.7,3559,1967
883,Eragon,Paulo Coelho,Mystery,3,2747,1973
884,An Ember in the Ashes,Gillian Flynn,Romance,4.1,3628,1967
885,Eragon,James Clear,Horror,3.2,4361,1967
886,Atomic Habits,Matt Haig,Non-Fiction,3.7,3193,1992
887,The Alchemist,Cormac McCarthy,Historical,3.5,1212,1994
888,The Alchemist,Cormac McCarthy,Fiction,3.2,392,1953
889,An Ember in the Ashes,R.F. Kuang,Mystery,3.2,1441,1995
890,Rich Dad Poor Dad,Cormac McCarthy,Self-Help,4.4,3944,1978
891,Eragon,Matt Haig,Science Fiction,3,3673,2010
892,An Ember in the Ashes,Cal Newport,Mystery,2.9,4893,2014
893,Think and Grow Rich,Stieg Larsson,Science Fiction,3.8,1731,1969
894,Atomic Habits,Robin Sharma,Science Fiction,3.2,723,2008
895,To Kill a Mockingbird,David Goggins,Historical,3.4,2494,1950
896,The Psychology of Money,Robin Sharma,Fantasy,4,2323,1990
897,The Shadow of the Wind,Matt Haig,Horror,2.9,1315,2000
898,It Ends with Us,J.K. Rowling,Fiction,4.7,4824,1954
899,Pride and Prejudice,Cal Newport,Science Fiction,4.9,2623,1954
900,To Kill a Mockingbird,Andy Weir,Science Fiction,3.3,2243,2000
901,Pride and Prejudice,Napoleon Hill,Fiction,2.8,4148,1954
902,A Man Called Ove,Cal Newport,Non-Fiction,4.9,3992,1972
903,Pride and Prejudice,F. Scott Fitzgerald,Romance,4.7,2897,1974
904,Circe,James Clear,Horror,3,3515,2018
905,An Ember in the Ashes,George Orwell,Historical,3.5,3161,2011
906,The Shining,Patrick Rothfuss,Fiction,4.8,1570,1979
907,Atomic Habits,Cal Newport,Romance,5,4746,2016
908,The Psychology of Money,Patrick Rothfuss,Fiction,3.9,2996,1964
909,An Ember in the Ashes,Matt Haig,Thriller,3.2,2842,1954
910,The Psychology of Money,Robert Kiyosaki,Non-Fiction,3.8,2552,1998
911,Can’t Hurt Me,J.R.R. Tolkien,Fantasy,4.7,4054,2014
912,The 5 AM Club,Cal Newport,Thriller,2.7,3920,2002
913,Verity,David Goggins,Fantasy,3.6,186,1978
914,The Poppy War,James Clear,Non-Fiction,4.8,732,1966
915,The Alchemist,Christopher Paolini,Thriller,2.5,1935,1951
916,An Ember in the Ashes,Robin Sharma,Fiction,4.3,354,2023
917,To Kill a Mockingbird,James Clear,Thriller,4.3,1054,1966
918,Rich Dad Poor Dad,Cormac McCarthy,Mystery,4.9,4007,2000
919,The Poppy War,Jane Austen,Self-Help,3.3,3607,1997
920,An Ember in the Ashes,Matt Haig,Mystery,3.8,261,1987
921,Pride and Prejudice,Taylor Jenkins Reid,Romance,4,542,1974
922,Throne of Glass,Matt Haig,Thriller,4.4,129,2002
923,Harry Potter and the Sorcerer’s Stone,Robin Sharma,Thriller,3,3652,1951
924,Gone Girl,Stephen King,Mystery,3.4,425,1953
925,Can’t Hurt Me,Jane Austen,Romance,2.7,174,1968
926,Rich Dad Poor Dad,Andy Weir,Romance,3.5,1992,1990
927,An Ember in the Ashes,James Clear,Thriller,4.3,2711,2020
928,The Four Agreements,Taylor Jenkins Reid,Fantasy,4.2,4549,1982
929,The Alchemist,Jane Austen,Historical,4.7,2875,1982
930,Eragon,Patrick Rothfuss,Self-Help,4.2,147,1976
931,Dune,Sabaa Tahir,Mystery,3.9,2786,2020
932,Atomic Habits,F. Scott Fitzgerald,Non-Fiction,4.8,1182,1993
933,The Hobbit,Matt Haig,Non-Fiction,3.1,4740,1998
934,The Poppy War,James Clear,Science Fiction,3.4,883,1998
935,Before We Were Strangers,Matt Haig,Self-Help,4.9,3868,2022
936,The Alchemist,Robin Sharma,Horror,4.4,1300,1997
937,The Poppy War,F. Scott Fitzgerald,Non-Fiction,4.6,1142,1956
938,Gone Girl,J.K. Rowling,Non-Fiction,3.2,78,1986
939,Eragon,David Goggins,Thriller,3.2,3013,2015
940,The Four Agreements,Robin Sharma,Non-Fiction,2.8,1603,1988
941,Deep Work,Cal Newport,Fantasy,3,3273,2022
942,An Ember in the Ashes,Dale Carnegie,Self-Help,4.8,300,1951
943,The Hobbit,Napoleon Hill,Fantasy,3.6,4995,2019
944,Think and Grow Rich,Matt Haig,Horror,4.4,1259,1969
945,Dune,James Clear,Fiction,3.3,2309,2019
946,An Ember in the Ashes,Paulo Coelho,Romance,2.8,3383,2023
947,The Hobbit,Robin Sharma,Fiction,3.3,4130,1971
948,Rich Dad Poor Dad,Cal Newport,Horror,4.1,4734,1975
949,The Alchemist,Cormac McCarthy,Mystery,4.7,1465,1984
950,Dune,Jane Austen,Thriller,4.5,1884,1960
951,Deep Work,Matt Haig,Self-Help,4.2,2162,1966
952,Eragon,F. Scott Fitzgerald,Fantasy,3.7,268,1975
953,Deep Work,Gillian Flynn,Thriller,2.7,1169,1978
954,An Ember in the Ashes,Dale Carnegie,Historical,4.7,4226,1985
955,Deep Work,Matt Haig,Non-Fiction,4,2166,1986
956,An Ember in the Ashes,Madeline Miller,Fiction,4.5,2038,2004
957,Throne of Glass,Matt Haig,Science Fiction,2.6,3700,2011
958,The Alchemist,Matt Haig,Non-Fiction,3.1,2900,1967
959,The Martian,Napoleon Hill,Thriller,3.3,2573,1995
960,The Alchemist,Charles Duhigg,Fiction,4.5,612,1955
961,The Road,Matt Haig,Romance,4.3,2711,1962
962,Pride and Prejudice,Cormac McCarthy,Science Fiction,2.9,2863,1953
963,Pride and Prejudice,Patrick Rothfuss,Fantasy,4.7,1402,1974
964,The Road,Jane Austen,Self-Help,3.3,3136,1972
965,The Four Agreements,Cal Newport,Historical,4,2498,1995
966,The Name of the Wind,Matt Haig,Thriller,3.3,172,1998
967,The Psychology of Money,Robin Sharma,Mystery,3,3850,2019
968,Gone Girl,Carlos Ruiz Zafón,Horror,4.5,1850,2011
969,Rich Dad Poor Dad,Jane Austen,Historical,4.5,4157,2013
970,A Court of Thorns and Roses,Taylor Jenkins Reid,Thriller,4.3,805,2004
971,Rich Dad Poor Dad,Andy Weir,Horror,3,838,1956
972,The House in the Cerulean Sea,Napoleon Hill,Self-Help,3,3704,2004
973,The Four Agreements,Patrick Rothfuss,Self-Help,2.9,3740,2002
974,Dune,Cormac McCarthy,Romance,4.5,3897,1985
975,Atomic Habits,Robin Sharma,Historical,4.3,4784,1998
976,A Court of Thorns and Roses,James Clear,Non-Fiction,3.4,4142,1950
977,The Psychology of Money,Charles Duhigg,Self-Help,3.4,2650,1974
978,The Psychology of Money,R.F. Kuang,Mystery,4,1996,2014
979,An Ember in the Ashes,Cal Newport,Non-Fiction,4,837,2007
980,The Shadow of the Wind,James Clear,Historical,4.4,1524,1991
981,Sapiens,Fredrik Backman,Fiction,4.9,3615,2015
982,Verity,Andy Weir,Self-Help,3.6,2967,2007
983,The Shining,Gillian Flynn,Thriller,4.3,3351,2023
984,The Hunger Games,Napoleon Hill,Self-Help,3.2,2202,1950
985,Atomic Habits,F. Scott Fitzgerald,Fantasy,4.5,4805,1992
986,The Psychology of Money,Matt Haig,Science Fiction,3.5,3325,1967
987,The Power of Habit,Dan Brown,Thriller,3,1601,2006
988,An Ember in the Ashes,R.F. Kuang,Horror,3.4,2893,1984
989,An Ember in the Ashes,David Goggins,Non-Fiction,4.1,4071,2005
990,The Alchemist,Taylor Jenkins Reid,Thriller,2.9,3350,1960
991,The Psychology of Money,Carlos Ruiz Zafón,Non-Fiction,3.3,4127,1965
992,The Girl with the Dragon Tattoo,Stephen King,Thriller,4.2,2127,1997
993,The Road,Cal Newport,Science Fiction,5,49,1982
994,Project Hail Mary,Jane Austen,Science Fiction,4.9,3489,1951
995,The Shadow of the Wind,Charles Duhigg,Horror,4,4439,1975
996,Rich Dad Poor Dad,Madeline Miller,Thriller,4.9,1659,1990
997,It Ends with Us,Charles Duhigg,Non-Fiction,3.6,978,1972
998,Pride and Prejudice,Sarah J. Maas,Mystery,3,2334,1960
999,Pride and Prejudice,Napoleon Hill,Self-Help,3.8,4170,1983
1000,Rich Dad Poor Dad,F. Scott Fitzgerald,Mystery,5,3357,1989
